Purchasing Document,Item,Seq. No. of Account Assgt,Deletion Indicator,Created on,Change flag: Purchasing (currently not u,Quantity,Distribution (%),Net Order Value,G/L Account,Business Area,Cost Center,not in use,SD Document,Item,Schedule line number,Gross reqmts ind.,Asset,Sub-number,Order,Goods recipient,Unloading Point,Controlling Area,Posting to cost cent,Post to order,Post to project,Final Invoice,Cost Object,Profitab. Segmt No.,Profit Center,WBS Element,Network,Routing number for operations,Real Estate Key,Counter,Partner,Commitment item,Recovery Indicator,Service Document Type,Service Document,Service Document Item,Dummy,Funds center,Fund,Functional Area,Reference date,Routing number for operations,Counter,Tax Code,Tax Jurisdiction,Non-deductible,Earmarked Funds,Document item,Activity Type,Business Process,Grant,Budget Period,Distbn Batch Number,Authorization Group,Final AA Indicator,Final AA Reason,Final AA Quantity,Final AA Quantity (Floating Point No.),Qty (FP Number - Internal),US Government Fields,Data Filter Value for Data Aging,Equity group,Joint venture,Funds Precommitment,Funds Precommt Item,Object number,Date of Service,Do Not Correct,Option Rate,Use Diff.Option Rate
4500000029,10,1,,,,1.000,0.0,0.00,16014000,,,,,0,0,,500000,0,,,,A000,,,,,,0,YB110,,,0,,0,,,,,,0,,,,,,0,0,,,0.00,,0,,,,,0,,,,0.000,0.00000000000000E+00,0.00000000000000E+00,,,,,,0,,,false,0.000000,false
4500000030,10,1,,,,30.000,0.0,0.00,51600000,,,,3,10,1,,,,,,,A000,,,,,,622,YB700,,,0,,0,,,,,,0,,,,YB99,,0,0,,,0.00,,0,,,,,0,,,,0.000,0.00000000000000E+00,0.00000000000000E+00,,,,,,0,,,false,0.000000,false
4500000034,10,1,,,,1.000,0.0,0.00,51600000,,,,49,20,1,,,,,,,A000,,,,,,630,YB700,,,0,,0,,,,,,0,,,,YB99,,0,0,,,0.00,,0,,,,,0,,,,0.000,0.00000000000000E+00,0.00000000000000E+00,,,,,,0,,,false,0.000000,false
4500000035,10,1,,,,3.000,0.0,0.00,51600000,,,,48,10,1,,,,,,,A000,,,,,,620,YB700,,,0,,0,,,,,,0,,,,YB99,,0,0,,,0.00,,0,,,,,0,,,,0.000,0.00000000000000E+00,0.00000000000000E+00,,,,,,0,,,false,0.000000,false
4500000039,10,1,,,,1.000,0.0,0.00,51600000,,,,50,20,1,,,,,,,A000,,,,,,643,YB700,,,0,,0,,,,,,0,,,,YB99,,0,0,,,0.00,,0,,,,,0,,,,0.000,0.00000000000000E+00,0.00000000000000E+00,,,,,,0,,,false,0.000000,false
4500000041,10,1,,,,100.000,0.0,0.00,51100000,,,,,0,0,,,,1000020,,,A000,,,,,,0,YB110,,,0,,0,,,,,,0,,,,YB20,,41,3,,,0.00,,0,,,,,0,,,,0.000,0.00000000000000E+00,0.00000000000000E+00,,,,,,0,,,false,0.000000,false
4500000054,10,1,,,,4.000,0.0,0.00,13600000,,,,123,10,1,,,,,,,A000,,,,,,1300,YB700,,,0,,0,,,,,,0,,,,,,0,0,,,0.00,,0,,,,,0,,,,0.000,0.00000000000000E+00,0.00000000000000E+00,,,,,,0,,,false,0.000000,false
4500000055,10,1,,,,20.000,0.0,0.00,10010000,,17101501,,,0,0,,,,,,,A000,,,,,,0,YB600,,,0,,0,,,,,,0,,,,YB50,,0,0,,,0.00,,0,,,,,0,,,,0.000,0.00000000000000E+00,0.00000000000000E+00,,,,,,0,,,false,0.000000,false
4500000072,10,1,,,,10.000,0.0,0.00,16014000,,,,,0,0,,600004,0,,,,A000,,,,,,0,YB110,,,0,,0,,,,,,0,,,,,,0,0,,,0.00,,0,,,,,0,,,,0.000,0.00000000000000E+00,0.00000000000000E+00,,,,,,0,,,false,0.000000,false
4500000136,10,1,,,,23.000,0.0,0.00,16014000,,,,,0,0,,600013,0,,,,A000,,,,,,0,YB600,,,0,,0,,,,,,0,,,,,,0,0,,,0.00,,0,,,,,0,,,,0.000,0.00000000000000E+00,0.00000000000000E+00,,,,,,0,,,false,0.000000,false
4500000139,10,1,,,,1.000,0.0,0.00,61002000,,,,,0,0,,,,4000080,,,A000,,,,,,0,YB600,,,0,,0,,,,,,0,,,,YB99,,0,0,,,0.00,,0,,,,,0,,,,0.000,0.00000000000000E+00,0.00000000000000E+00,,,,,,0,,,false,0.000000,false
4500000140,10,1,,,,1.000,0.0,0.00,61002000,,,,,0,0,,,,4000081,,,A000,,,,,,0,YB600,,,0,,0,,,,,,0,,,,YB99,,0,0,,,0.00,,0,,,,,0,,,,0.000,0.00000000000000E+00,0.00000000000000E+00,,,,,,0,,,false,0.000000,false
4500000209,10,1,,,,100.000,0.0,0.00,65100000,,17101101,,,0,0,,,,,,,A000,,,,,,0,YB600,,,0,,0,,,,,,0,,,,YB40,,0,0,,,0.00,,0,,,,,0,,,,0.000,0.00000000000000E+00,0.00000000000000E+00,,,,,,0,,,false,0.000000,false
4500000210,10,1,,,,100.000,0.0,0.00,51100000,,,,,0,0,,,,1000340,,,A000,,,,,,0,YB110,,,0,,0,,,,,,0,,,,YB20,,401,3,,,0.00,,0,,,,,0,,,,0.000,0.00000000000000E+00,0.00000000000000E+00,,,,,,0,,,false,0.000000,false
4500000211,10,1,,,,1.000,0.0,0.00,61002000,,,,,0,0,,,,4000100,,,A000,,,,,,0,YB600,,,0,,0,,,,,,0,,,,YB99,,0,0,,,0.00,,0,,,,,0,,,,0.000,0.00000000000000E+00,0.00000000000000E+00,,,,,,0,,,false,0.000000,false
4500000224,10,1,,,,1.000,0.0,0.00,51600000,,17101401,,,0,0,,,,,,,A000,,,,,,0,YB600,,,0,,0,,,,,,0,,,,YB40,,0,0,,,0.00,,0,,,,,0,,,,0.000,0.00000000000000E+00,0.00000000000000E+00,,,,,,0,,,false,0.000000,false
4500000225,10,1,,,,1.000,0.0,0.00,51600000,,17101401,,,0,0,,,,,,,A000,,,,,,0,YB600,,,0,,0,,,,,,0,,,,YB40,,0,0,,,0.00,,0,,,,,0,,,,0.000,0.00000000000000E+00,0.00000000000000E+00,,,,,,0,,,false,0.000000,false
4500000226,10,1,,,,1.000,0.0,0.00,51600000,,17101101,,,0,0,,,,,,,A000,,,,,,0,YB600,,,0,,0,,,,,,0,,,,YB40,,0,0,,,0.00,,0,,,,,0,,,,0.000,0.00000000000000E+00,0.00000000000000E+00,,,,,,0,,,false,0.000000,false
4500000227,10,1,,,,10.000,0.0,0.00,65100000,,17101101,,,0,0,,,,,,,A000,,,,,,0,YB600,,,0,,0,,,,,,0,,,,YB40,,0,0,,,0.00,,0,,,,,0,,,,0.000,0.00000000000000E+00,0.00000000000000E+00,,,,,,0,,,false,0.000000,false
4500000227,20,1,,,,0.000,0.0,100.00,65100000,,17101101,,,0,0,,,,,,,A000,,,,,,0,YB600,,,0,,0,,,,,,0,,,,YB40,,0,0,,,0.00,,0,,,,,0,,,,0.000,0.00000000000000E+00,0.00000000000000E+00,,,,,,0,,,false,0.000000,false
4500000229,10,1,,,,10.000,0.0,0.00,51600000,,17101101,,,0,0,,,,,,,A000,,,,,,0,YB600,,,0,,0,,,,,,0,,,,YB40,,0,0,,,0.00,,0,,,,,0,,,,0.000,0.00000000000000E+00,0.00000000000000E+00,,,,,,0,,,false,0.000000,false
4500000241,10,1,,,,500.000,0.0,0.00,51600000,,17101101,,,0,0,,,,,,,A000,,,,,,0,YB600,,,0,,0,,,,,,0,,,,YB40,,0,0,,,0.00,,0,,,,,0,,,,0.000,0.00000000000000E+00,0.00000000000000E+00,,,,,,0,,,false,0.000000,false
4500000242,10,1,,,,"1,000.000",0.0,0.00,51600000,,17101501,,,0,0,,,,,,,A000,,,,,,0,YB600,,,0,,0,,,,,,0,,,,YB50,,0,0,,,0.00,,0,,,,,0,,,,0.000,0.00000000000000E+00,0.00000000000000E+00,,,,,,0,,,false,0.000000,false
4500000242,20,1,,,,20.000,0.0,0.00,65008000,,17101501,,,0,0,,,,,,,A000,,,,,,0,YB600,,,0,,0,,,,,,0,,,,YB50,,0,0,,,0.00,,0,,,,,0,,,,0.000,0.00000000000000E+00,0.00000000000000E+00,,,,,,0,,,false,0.000000,false
4500000242,30,1,,,,0.000,0.0,200.00,51600000,,17101501,,,0,0,,,,,,,A000,,,,,,0,YB600,,,0,,0,,,,,,0,,,,YB50,,0,0,,,0.00,,0,,,,,0,,,,0.000,0.00000000000000E+00,0.00000000000000E+00,,,,,,0,,,false,0.000000,false
4500000243,10,1,,,,"1,000.000",0.0,0.00,51600000,,17101501,,,0,0,,,,,,,A000,,,,,,0,YB600,,,0,,0,,,,,,0,,,,YB50,,0,0,,,0.00,,0,,,,,0,,,,0.000,0.00000000000000E+00,0.00000000000000E+00,,,,,,0,,,false,0.000000,false
4500000243,20,1,,,,20.000,0.0,0.00,65008000,,17101501,,,0,0,,,,,,,A000,,,,,,0,YB600,,,0,,0,,,,,,0,,,,YB50,,0,0,,,0.00,,0,,,,,0,,,,0.000,0.00000000000000E+00,0.00000000000000E+00,,,,,,0,,,false,0.000000,false
4500000243,30,1,,,,0.000,0.0,200.00,51600000,,17101501,,,0,0,,,,,,,A000,,,,,,0,YB600,,,0,,0,,,,,,0,,,,YB50,,0,0,,,0.00,,0,,,,,0,,,,0.000,0.00000000000000E+00,0.00000000000000E+00,,,,,,0,,,false,0.000000,false
4500000246,10,1,,,,10.000,0.0,0.00,16014000,,,,,0,0,,600016,0,,,,A000,,,,,,0,YB110,,,0,,0,,,,,,0,,,,,,0,0,,,0.00,,0,,,,,0,,,,0.000,0.00000000000000E+00,0.00000000000000E+00,,,,,,0,,,false,0.000000,false
4500000247,10,1,,,,0.000,0.0,200.00,51600000,,17101501,,,0,0,,,,,,,A000,,,,,,0,YB600,,,0,,0,,,,,,0,,,,YB50,,0,0,,,0.00,,0,,,,,0,,,,0.000,0.00000000000000E+00,0.00000000000000E+00,,,,,,0,,,false,0.000000,false
4500000247,20,1,,,,"1,000.000",0.0,0.00,51600000,,17101501,,,0,0,,,,,,,A000,,,,,,0,YB600,,,0,,0,,,,,,0,,,,YB50,,0,0,,,0.00,,0,,,,,0,,,,0.000,0.00000000000000E+00,0.00000000000000E+00,,,,,,0,,,false,0.000000,false
4500000247,30,1,,,,20.000,0.0,0.00,65008000,,17101501,,,0,0,,,,,,,A000,,,,,,0,YB600,,,0,,0,,,,,,0,,,,YB50,,0,0,,,0.00,,0,,,,,0,,,,0.000,0.00000000000000E+00,0.00000000000000E+00,,,,,,0,,,false,0.000000,false
4500000250,10,1,,,,20.000,0.0,0.00,65008000,,17101501,,,0,0,,,,,,,A000,,,,,,0,YB600,,,0,,0,,,,,,0,,,,YB50,,0,0,,,0.00,,0,,,,,0,,,,0.000,0.00000000000000E+00,0.00000000000000E+00,,,,,,0,,,false,0.000000,false
4500000251,10,1,,,,500.000,0.0,0.00,51600000,,17101101,,,0,0,,,,,,,A000,,,,,,0,YB600,,,0,,0,,,,,,0,,,,YB40,,0,0,,,0.00,,0,,,,,0,,,,0.000,0.00000000000000E+00,0.00000000000000E+00,,,,,,0,,,false,0.000000,false
4500000267,10,1,,,,1.000,0.0,0.00,51600000,,,,,0,0,,,,100040,,,A000,,,,,,0,YB110,,,0,,0,,,,,,0,,,,YB50,,0,0,,,0.00,,0,,,,,0,,,,0.000,0.00000000000000E+00,0.00000000000000E+00,,,,,,0,,,false,0.000000,false
4500000276,10,1,,,,1.000,0.0,0.00,13300000,,,,812,10,0,,,,,,,A000,,,,,,0,YB111,,,0,,0,,,,,,0,,,,,,0,0,,,0.00,,0,,,,,0,,,,0.000,0.00000000000000E+00,0.00000000000000E+00,,,,,,0,,,false,0.000000,false
4500000465,10,1,,,,1.000,0.0,0.00,61002000,,,,,0,0,,,,4000140,,,A000,,,,,,0,YB600,,,0,,0,,,,,,0,,,,YB99,,0,0,,,0.00,,0,,,,,0,,,,0.000,0.00000000000000E+00,0.00000000000000E+00,,,,,,0,,,false,0.000000,false
4500000466,10,1,,,,10.000,0.0,0.00,51600000,,17101201,,,0,0,,,,,,,A000,,,,,,0,YB700,,,0,,0,,,,,,0,,,,YB20,,0,0,,,0.00,,0,,,,,0,,,,0.000,0.00000000000000E+00,0.00000000000000E+00,,,,,,0,,,false,0.000000,false
4500000471,10,1,,,,20.000,0.0,0.00,65100000,,17101101,,,0,0,,,,,,,A000,,,,,,0,YB600,,,0,,0,,,,,,0,,,,YB40,,0,0,,,0.00,,0,,,,,0,,,,0.000,0.00000000000000E+00,0.00000000000000E+00,,,,,,0,,,false,0.000000,false
4500000473,10,1,,,,1.000,0.0,0.00,51600000,,17101101,,,0,0,,,,,,,A000,,,,,,0,YB600,,,0,,0,,,,,,0,,,,YB40,,0,0,,,0.00,,0,,,,,0,,,,0.000,0.00000000000000E+00,0.00000000000000E+00,,,,,,0,,,false,0.000000,false
4500000474,10,1,,,,50.000,0.0,0.00,65100000,,17101101,,,0,0,,,,,,,A000,,,,,,0,YB600,,,0,,0,,,,,,0,,,,YB40,,0,0,,,0.00,,0,,,,,0,,,,0.000,0.00000000000000E+00,0.00000000000000E+00,,,,,,0,,,false,0.000000,false
4500000475,10,1,,,,0.000,0.0,100.00,65100000,,17101101,,,0,0,,,,,,,A000,,,,,,0,YB600,,,0,,0,,,,,,0,,,,YB40,,0,0,,,0.00,,0,,,,,0,,,,0.000,0.00000000000000E+00,0.00000000000000E+00,,,,,,0,,,false,0.000000,false
4500000479,10,1,,,,0.000,0.0,100.00,65100000,,17101101,,,0,0,,,,,,,A000,,,,,,0,YB600,,,0,,0,,,,,,0,,,,YB40,,0,0,,,0.00,,0,,,,,0,,,,0.000,0.00000000000000E+00,0.00000000000000E+00,,,,,,0,,,false,0.000000,false
4500000480,10,1,,,,10.000,20.0,50.00,65100000,,17101101,,,0,0,,,,,,,A000,,,,,,0,YB600,,,0,,0,,,,,,0,,,,YB40,,0,0,,,0.00,,0,,,,,0,,,,0.000,0.00000000000000E+00,0.00000000000000E+00,,,,,,0,,,false,0.000000,false
4500000480,10,2,,,,40.000,80.0,200.00,65100000,,17101401,,,0,0,,,,,,,A000,,,,,,0,YB600,,,0,,0,,,,,,0,,,,YB40,,0,0,,,0.00,,0,,,,,0,,,,0.000,0.00000000000000E+00,0.00000000000000E+00,,,,,,0,,,false,0.000000,false
4500000501,10,1,,,,10.000,0.0,0.00,65100000,,17101501,,,0,0,,,,,,,A000,,,,,,0,YB600,,,0,,0,,,,,,0,,,,YB50,,0,0,,,0.00,,0,,,,,0,,,,0.000,0.00000000000000E+00,0.00000000000000E+00,,,,,,0,,,false,0.000000,false
4500000501,20,1,,,,20.000,0.0,0.00,65008000,,17101101,,,0,0,,,,,,,A000,,,,,,0,YB600,,,0,,0,,,,,,0,,,,YB40,,0,0,,,0.00,,0,,,,,0,,,,0.000,0.00000000000000E+00,0.00000000000000E+00,,,,,,0,,,false,0.000000,false
4500000501,30,1,,,,0.000,0.0,200.00,51600000,,17101501,,,0,0,,,,,,,A000,,,,,,0,YB600,,,0,,0,,,,,,0,,,,YB50,,0,0,,,0.00,,0,,,,,0,,,,0.000,0.00000000000000E+00,0.00000000000000E+00,,,,,,0,,,false,0.000000,false
4500000502,10,1,,,,10.000,0.0,0.00,65008000,,17101101,,,0,0,,,,,,,A000,,,,,,0,YB600,,,0,,0,,,,,,0,,,,YB40,,0,0,,,0.00,,0,,,,,0,,,,0.000,0.00000000000000E+00,0.00000000000000E+00,,,,,,0,,,false,0.000000,false
4500000502,20,1,,,,14.000,70.0,294.00,65008000,,17101501,,,0,0,,,,,,,A000,,,,,,0,YB600,,,0,,0,,,,,,0,,,,YB40,,0,0,,,0.00,,0,,,,,0,,,,0.000,0.00000000000000E+00,0.00000000000000E+00,,,,,,0,,,false,0.000000,false
4500000502,20,2,,,,6.000,30.0,126.00,65008000,,17101601,,,0,0,,,,,,,A000,,,,,,0,YB600,,,0,,0,,,,,,0,,,,YB40,,0,0,,,0.00,,0,,,,,0,,,,0.000,0.00000000000000E+00,0.00000000000000E+00,,,,,,0,,,false,0.000000,false
4500000503,10,1,,,,10.000,0.0,0.00,65008000,,17101101,,,0,0,,,,,,,A000,,,,,,0,YB600,,,0,,0,,,,,,0,,,,YB40,,0,0,,,0.00,,0,,,,,0,,,,0.000,0.00000000000000E+00,0.00000000000000E+00,,,,,,0,,,false,0.000000,false
4500000507,10,1,,,,20.000,0.0,0.00,65008000,,17101101,,,0,0,,,,,,,A000,,,,,,0,YB600,,,0,,0,,,,,,0,,,,YB40,,0,0,,,0.00,,0,,,,,0,,,,0.000,0.00000000000000E+00,0.00000000000000E+00,,,,,,0,,,false,0.000000,false
4500000508,10,1,,,,11.000,0.0,0.00,51100000,,,,,0,0,,,,1000782,,,A000,,,,,,0,YB110,,,0,,0,,,,,,0,,,,YB20,,863,3,,,0.00,,0,,,,,0,,,,0.000,0.00000000000000E+00,0.00000000000000E+00,,,,,,0,,,false,0.000000,false
4500000509,10,1,,,,20.000,0.0,0.00,65008000,,17101101,,,0,0,,,,,,,A000,,,,,,0,YB600,,,0,,0,,,,,,0,,,,YB40,,0,0,,,0.00,,0,,,,,0,,,,0.000,0.00000000000000E+00,0.00000000000000E+00,,,,,,0,,,false,0.000000,false
4500000538,10,1,,,,10.000,0.0,0.00,65008000,,17101501,,,0,0,,,,,,,A000,,,,,,0,YB600,,,0,,0,,,,,,0,,,,YB50,,0,0,,,0.00,,0,,,,,0,,,,0.000,0.00000000000000E+00,0.00000000000000E+00,,,,,,0,,,false,0.000000,false
4500000538,20,1,,,,10.000,0.0,0.00,51600000,,17101501,,,0,0,,,,,,,A000,,,,,,0,YB600,,,0,,0,,,,,,0,,,,YB50,,0,0,,,0.00,,0,,,,,0,,,,0.000,0.00000000000000E+00,0.00000000000000E+00,,,,,,0,,,false,0.000000,false
4500000541,10,1,,,,10.000,0.0,0.00,13600000,,,,1864,10,1,,,,,,,A000,,,,,,17302,YB700,,,0,,0,,,,,,0,,,,,,0,0,,,0.00,,0,,,,,0,,,,0.000,0.00000000000000E+00,0.00000000000000E+00,,,,,,0,,,false,0.000000,false
4500000542,10,1,,,,10.000,0.0,0.00,51600000,,,,1868,10,1,,,,,,,A000,,,,,,17336,YB700,,,0,,0,,,,,,0,,,,YB99,,0,0,,,0.00,,0,,,,,0,,,,0.000,0.00000000000000E+00,0.00000000000000E+00,,,,,,0,,,false,0.000000,false
4500000543,10,1,,,,10.000,0.0,0.00,13600000,,,,1869,10,1,,,,,,,A000,,,,,,17338,YB700,,,0,,0,,,,,,0,,,,,,0,0,,,0.00,,0,,,,,0,,,,0.000,0.00000000000000E+00,0.00000000000000E+00,,,,,,0,,,false,0.000000,false
4500000544,10,1,,,,1.000,0.0,0.00,13600000,,,,1873,10,1,,,,,,,A000,,,,,,17348,YB700,,,0,,0,,,,,,0,,,,,,0,0,,,0.00,,0,,,,,0,,,,0.000,0.00000000000000E+00,0.00000000000000E+00,,,,,,0,,,false,0.000000,false
4500000545,10,1,,,,6.000,0.0,0.00,51600000,,,,1875,10,1,,,,,,,A000,,,,,,17362,YB700,,,0,,0,,,,,,0,,,,YB99,,0,0,,,0.00,,0,,,,,0,,,,0.000,0.00000000000000E+00,0.00000000000000E+00,,,,,,0,,,false,0.000000,false
4500000545,20,1,,,,5.000,0.0,0.00,51600000,,,,1875,30,1,,,,,,,A000,,,,,,17363,YB700,,,0,,0,,,,,,0,,,,YB99,,0,0,,,0.00,,0,,,,,0,,,,0.000,0.00000000000000E+00,0.00000000000000E+00,,,,,,0,,,false,0.000000,false
4500000558,20,1,,,,1.000,0.0,0.00,13600000,,,,1873,20,1,,,,,,,A000,,,,,,18047,YB700,,,0,,0,,,,,,0,,,,,,0,0,,,0.00,,0,,,,,0,,,,0.000,0.00000000000000E+00,0.00000000000000E+00,,,,,,0,,,false,0.000000,false
4500000559,10,1,,,,1.000,0.0,0.00,51600000,,,,60000053,10,1,,,,,,,A000,,,,,,18056,YB700,,,0,,0,,,,,,0,,,,YB99,,0,0,,,0.00,,0,,,,,0,,,,0.000,0.00000000000000E+00,0.00000000000000E+00,,,,,,0,,,false,0.000000,false
4500000561,10,1,,,,1.000,0.0,0.00,51600000,,,,60000056,10,1,,,,,,,A000,,,,,,18152,YB700,,,0,,0,,,,,,0,,,,YB99,,0,0,,,0.00,,0,,,,,0,,,,0.000,0.00000000000000E+00,0.00000000000000E+00,,,,,,0,,,false,0.000000,false
4500000566,10,1,,,,1.000,0.0,0.00,13600000,,,,2044,10,1,,,,,,,A000,,,,,,19025,YB700,,,0,,0,,,,,,0,,,,,,0,0,,,0.00,,0,,,,,0,,,,0.000,0.00000000000000E+00,0.00000000000000E+00,,,,,,0,,,false,0.000000,false
4500000579,10,1,,,,10.000,0.0,0.00,13600000,,,,2133,10,1,,,,,,,A000,,,,,,19727,YB700,,,0,,0,,,,,,0,,,,,,0,0,,,0.00,,0,,,,,0,,,,0.000,0.00000000000000E+00,0.00000000000000E+00,,,,,,0,,,false,0.000000,false
4500000580,10,1,,,,10.000,0.0,0.00,13600000,,,,2134,10,1,,,,,,,A000,,,,,,19742,YB700,,,0,,0,,,,,,0,,,,,,0,0,,,0.00,,0,,,,,0,,,,0.000,0.00000000000000E+00,0.00000000000000E+00,,,,,,0,,,false,0.000000,false
4500000581,10,1,,,,1.000,0.0,0.00,13600000,,,,2136,10,1,,,,,,,A000,,,,,,19771,YB700,,,0,,0,,,,,,0,,,,,,0,0,,,0.00,,0,,,,,0,,,,0.000,0.00000000000000E+00,0.00000000000000E+00,,,,,,0,,,false,0.000000,false
4500000582,10,1,,,,1.000,0.0,0.00,13600000,,,,2143,10,1,,,,,,,A000,,,,,,19825,YB700,,,0,,0,,,,,,0,,,,,,0,0,,,0.00,,0,,,,,0,,,,0.000,0.00000000000000E+00,0.00000000000000E+00,,,,,,0,,,false,0.000000,false
4500000583,10,1,,,,1.000,0.0,0.00,13600000,,,,2143,10,1,,,,,,,A000,,,,,,19825,YB700,,,0,,0,,,,,,0,,,,,,0,0,,,0.00,,0,,,,,0,,,,0.000,0.00000000000000E+00,0.00000000000000E+00,,,,,,0,,,false,0.000000,false
4500005794,10,1,,,,6.000,0.0,0.00,51600000,,,,1875,10,1,,,,,,,A000,,,,,,17362,YB700,,,0,,0,,,,,,0,,,,YB99,,0,0,,,0.00,,0,,,,,0,,,,0.000,0.00000000000000E+00,0.00000000000000E+00,,,,,,0,,,false,0.000000,false
4500005795,10,1,,,,6.000,0.0,0.00,51600000,,,,1875,10,1,,,,,,,A000,,,,,,17362,YB700,,,0,,0,,,,,,0,,,,YB99,,0,0,,,0.00,,0,,,,,0,,,,0.000,0.00000000000000E+00,0.00000000000000E+00,,,,,,0,,,false,0.000000,false
4500005805,10,1,,10/9/2023,,1.000,0.0,"6,000.00",51600000,,17101201,,,0,0,,,,,,,A000,,,,,,0,YB700,,,0,,0,,,,,,0,,,,YB20,,0,0,,,0.00,,0,,,,,0,,,,0.000,0.00000000000000E+00,0.00000000000000E+00,,,,,,0,,,false,0.000000,false
4500005806,10,1,,10/9/2023,,1.000,0.0,550.00,51600000,,17101201,,,0,0,,,,,,,A000,,,,,,0,YB700,,,0,,0,,,,,,0,,,,YB20,,0,0,,,0.00,,0,,,,,0,,,,0.000,0.00000000000000E+00,0.00000000000000E+00,,,,,,0,,,false,0.000000,false
4500005808,10,1,,,,"2,000.000",0.0,0.00,12200400,,17101201,,,0,0,,,,,,,A000,,,,,,0,YB700,,,0,,0,,,,,,0,,,,,,0,0,,,0.00,,0,,,,,0,,,,0.000,0.00000000000000E+00,0.00000000000000E+00,,,,,,0,,,false,0.000000,false
4500005809,10,1,,11/2/2023,,1.000,0.0,550.00,51600000,,17101201,,,0,0,,,,,,,A000,,,,,,0,YB700,,,0,,0,,,,,,0,,,,YB20,,0,0,,,0.00,,0,,,,,0,,,,0.000,0.00000000000000E+00,0.00000000000000E+00,,,,,,0,,,false,0.000000,false
4500005824,10,1,,,,4.000,0.0,0.00,51600000,,10101101,,,0,0,,,,,,,A000,,,,,,0,YB600,,,0,,0,,,,,,0,,,,YB40,,0,0,,,0.00,,0,,,,,0,,,,0.000,0.00000000000000E+00,0.00000000000000E+00,,,,,,0,,,false,0.000000,false
4500005827,10,1,,,,4.000,0.0,0.00,51600000,,10101101,,,0,0,,,,,,,A000,,,,,,0,YB600,,,0,,0,,,,,,0,,,,YB40,,0,0,,,0.00,,0,,,,,0,,,,0.000,0.00000000000000E+00,0.00000000000000E+00,,,,,,0,,,false,0.000000,false
4500005827,20,1,,,,8.000,0.0,0.00,51600000,,10101101,,,0,0,,,,,,,A000,,,,,,0,YB600,,,0,,0,,,,,,0,,,,YB40,,0,0,,,0.00,,0,,,,,0,,,,0.000,0.00000000000000E+00,0.00000000000000E+00,,,,,,0,,,false,0.000000,false
4500005827,30,1,,,,16.000,0.0,0.00,51600000,,10101101,,,0,0,,,,,,,A000,,,,,,0,YB600,,,0,,0,,,,,,0,,,,YB40,,0,0,,,0.00,,0,,,,,0,,,,0.000,0.00000000000000E+00,0.00000000000000E+00,,,,,,0,,,false,0.000000,false
4500005827,40,1,,,,32.000,0.0,0.00,51600000,,10101101,,,0,0,,,,,,,A000,,,,,,0,YB600,,,0,,0,,,,,,0,,,,YB40,,0,0,,,0.00,,0,,,,,0,,,,0.000,0.00000000000000E+00,0.00000000000000E+00,,,,,,0,,,false,0.000000,false
4500005827,50,1,,,,64.000,0.0,0.00,51600000,,10101101,,,0,0,,,,,,,A000,,,,,,0,YB600,,,0,,0,,,,,,0,,,,YB40,,0,0,,,0.00,,0,,,,,0,,,,0.000,0.00000000000000E+00,0.00000000000000E+00,,,,,,0,,,false,0.000000,false
4500005827,60,1,,,,128.000,0.0,0.00,51600000,,10101101,,,0,0,,,,,,,A000,,,,,,0,YB600,,,0,,0,,,,,,0,,,,YB40,,0,0,,,0.00,,0,,,,,0,,,,0.000,0.00000000000000E+00,0.00000000000000E+00,,,,,,0,,,false,0.000000,false
4500005827,70,1,,,,256.000,0.0,0.00,51600000,,10101101,,,0,0,,,,,,,A000,,,,,,0,YB600,,,0,,0,,,,,,0,,,,YB40,,0,0,,,0.00,,0,,,,,0,,,,0.000,0.00000000000000E+00,0.00000000000000E+00,,,,,,0,,,false,0.000000,false
4500005827,80,1,,,,512.000,0.0,0.00,51600000,,10101101,,,0,0,,,,,,,A000,,,,,,0,YB600,,,0,,0,,,,,,0,,,,YB40,,0,0,,,0.00,,0,,,,,0,,,,0.000,0.00000000000000E+00,0.00000000000000E+00,,,,,,0,,,false,0.000000,false
4500005827,90,1,,,,"1,024.000",0.0,0.00,51600000,,10101101,,,0,0,,,,,,,A000,,,,,,0,YB600,,,0,,0,,,,,,0,,,,YB40,,0,0,,,0.00,,0,,,,,0,,,,0.000,0.00000000000000E+00,0.00000000000000E+00,,,,,,0,,,false,0.000000,false
4500005827,100,1,,,,"2,048.000",0.0,0.00,51600000,,10101101,,,0,0,,,,,,,A000,,,,,,0,YB600,,,0,,0,,,,,,0,,,,YB40,,0,0,,,0.00,,0,,,,,0,,,,0.000,0.00000000000000E+00,0.00000000000000E+00,,,,,,0,,,false,0.000000,false
4500005827,110,1,,,,"4,096.000",0.0,0.00,51600000,,10101101,,,0,0,,,,,,,A000,,,,,,0,YB600,,,0,,0,,,,,,0,,,,YB40,,0,0,,,0.00,,0,,,,,0,,,,0.000,0.00000000000000E+00,0.00000000000000E+00,,,,,,0,,,false,0.000000,false
4500005827,120,1,,,,"8,192.000",0.0,0.00,51600000,,10101101,,,0,0,,,,,,,A000,,,,,,0,YB600,,,0,,0,,,,,,0,,,,YB40,,0,0,,,0.00,,0,,,,,0,,,,0.000,0.00000000000000E+00,0.00000000000000E+00,,,,,,0,,,false,0.000000,false
4500005827,130,1,,,,"16,384.000",0.0,0.00,51600000,,10101101,,,0,0,,,,,,,A000,,,,,,0,YB600,,,0,,0,,,,,,0,,,,YB40,,0,0,,,0.00,,0,,,,,0,,,,0.000,0.00000000000000E+00,0.00000000000000E+00,,,,,,0,,,false,0.000000,false
4500005827,140,1,,,,"32,768.000",0.0,0.00,51600000,,10101101,,,0,0,,,,,,,A000,,,,,,0,YB600,,,0,,0,,,,,,0,,,,YB40,,0,0,,,0.00,,0,,,,,0,,,,0.000,0.00000000000000E+00,0.00000000000000E+00,,,,,,0,,,false,0.000000,false
4500005827,150,1,,,,"65,536.000",0.0,0.00,51600000,,10101101,,,0,0,,,,,,,A000,,,,,,0,YB600,,,0,,0,,,,,,0,,,,YB40,,0,0,,,0.00,,0,,,,,0,,,,0.000,0.00000000000000E+00,0.00000000000000E+00,,,,,,0,,,false,0.000000,false
4500005827,160,1,,,,"131,072.000",0.0,0.00,51600000,,10101101,,,0,0,,,,,,,A000,,,,,,0,YB600,,,0,,0,,,,,,0,,,,YB40,,0,0,,,0.00,,0,,,,,0,,,,0.000,0.00000000000000E+00,0.00000000000000E+00,,,,,,0,,,false,0.000000,false
4500005830,10,1,,,,4.000,0.0,0.00,51600000,,10101101,,,0,0,,,,,,,A000,,,,,,0,YB600,,,0,,0,,,,,,0,,,,YB40,,0,0,,,0.00,,0,,,,,0,,,,0.000,0.00000000000000E+00,0.00000000000000E+00,,,,,,0,,,false,0.000000,false
4500005834,10,1,,,,100.000,0.0,0.00,51100000,,,,,0,0,,,,500001,,,A000,,,,,,0,99999,,,0,,0,,,,,,0,,,,YB99,,41,3,,,0.00,,0,,,,,0,,,,0.000,0.00000000000000E+00,0.00000000000000E+00,,,,,,0,,,false,0.000000,false
4500005835,10,1,,,,150.000,0.0,0.00,51100000,,,,,0,0,,,,500001,,,A000,,,,,,0,99999,,,0,,0,,,,,,0,,,,YB99,,41,3,,,0.00,,0,,,,,0,,,,0.000,0.00000000000000E+00,0.00000000000000E+00,,,,,,0,,,false,0.000000,false
4500005836,10,1,,,,"1,500.000",0.0,0.00,51100000,,,,,0,0,,,,500001,,,A000,,,,,,0,99999,,,0,,0,,,,,,0,,,,YB99,,41,3,,,0.00,,0,,,,,0,,,,0.000,0.00000000000000E+00,0.00000000000000E+00,,,,,,0,,,false,0.000000,false
4500005837,10,1,,,,"1,258.000",0.0,0.00,61002000,,,,,0,0,,,,500001,,,A000,,,,,,0,99999,,,0,,0,,,,,,0,,,,YB99,,41,3,,,0.00,,0,,,,,0,,,,0.000,0.00000000000000E+00,0.00000000000000E+00,,,,,,0,,,false,0.000000,false
4500005838,10,1,,,,"1,965.000",0.0,0.00,61008000,,,,,0,0,,,,500002,,,A000,,,,,,0,99999,,,0,,0,,,,,,0,,,,YB99,,41,3,,,0.00,,0,,,,,0,,,,0.000,0.00000000000000E+00,0.00000000000000E+00,,,,,,0,,,false,0.000000,false
4500005839,10,1,,,,"2,247.000",0.0,0.00,63009000,,,,,0,0,,,,500003,,,A000,,,,,,0,99999,,,0,,0,,,,,,0,,,,YB99,,41,3,,,0.00,,0,,,,,0,,,,0.000,0.00000000000000E+00,0.00000000000000E+00,,,,,,0,,,false,0.000000,false
4500005840,10,1,,,,475.000,0.0,0.00,51100000,,,,,0,0,,,,500001,,,A000,,,,,,0,99999,,,0,,0,,,,,,0,,,,YB99,,41,3,,,0.00,,0,,,,,0,,,,0.000,0.00000000000000E+00,0.00000000000000E+00,,,,,,0,,,false,0.000000,false
4500005841,10,1,,,,456.000,0.0,0.00,51100000,,,,,0,0,,,,500001,,,A000,,,,,,0,99999,,,0,,0,,,,,,0,,,,YB99,,41,3,,,0.00,,0,,,,,0,,,,0.000,0.00000000000000E+00,0.00000000000000E+00,,,,,,0,,,false,0.000000,false
4500005846,10,1,,,,150.000,0.0,0.00,51100000,,,,,0,0,,,,500001,,,A000,,,,,,0,99999,,,0,,0,,,,,,0,,,,YB99,,41,3,,,0.00,,0,,,,,0,,,,0.000,0.00000000000000E+00,0.00000000000000E+00,,,,,,0,,,false,0.000000,false
4500005846,20,1,,,,150.000,0.0,0.00,51100000,,,,,0,0,,,,500001,,,A000,,,,,,0,99999,,,0,,0,,,,,,0,,,,YB99,,41,3,,,0.00,,0,,,,,0,,,,0.000,0.00000000000000E+00,0.00000000000000E+00,,,,,,0,,,false,0.000000,false
4500005847,10,1,,,,"1,965.000",0.0,0.00,61008000,,,,,0,0,,,,500002,,,A000,,,,,,0,99999,,,0,,0,,,,,,0,,,,YB99,,41,3,,,0.00,,0,,,,,0,,,,0.000,0.00000000000000E+00,0.00000000000000E+00,,,,,,0,,,false,0.000000,false
4500005848,10,1,,,,10.000,0.0,0.00,51600000,,17101201,,,0,0,,,,,,,A000,,,,,,0,YB700,,,0,,0,,,,,,0,,,,YB20,,0,0,,,0.00,,0,,,,,0,,,,0.000,0.00000000000000E+00,0.00000000000000E+00,,,,,,0,,,false,0.000000,false
4500005849,10,1,,,,10.000,0.0,0.00,51600000,,17101201,,,0,0,,,,,,,A000,,,,,,0,YB700,,,0,,0,,,,,,0,,,,YB20,,0,0,,,0.00,,0,,,,,0,,,,0.000,0.00000000000000E+00,0.00000000000000E+00,,,,,,0,,,false,0.000000,false
4500005850,10,1,,,,1.000,0.0,0.00,51600000,,17101201,,,0,0,,,,,,,A000,,,,,,0,YB700,,,0,,0,,,,,,0,,,,YB20,,0,0,,,0.00,,0,,,,,0,,,,0.000,0.00000000000000E+00,0.00000000000000E+00,,,,,,0,,,false,0.000000,false
4500005850,20,1,,,,1.000,0.0,0.00,51600000,,US10_IT2,,,0,0,,,,,,,A000,,,,,,0,US10_PC11,,,0,,0,,,,,,0,,,,Z9400,,0,0,,,0.00,,0,,,,,0,,,,0.000,0.00000000000000E+00,0.00000000000000E+00,,,,,,0,,,false,0.000000,false
4500005853,10,1,,,,1.000,0.0,0.00,51600000,,17101201,,,0,0,,,,,,,A000,,,,,,0,YB700,,,0,,0,,,,,,0,,,,YB20,,0,0,,,0.00,,0,,,,,0,,,,0.000,0.00000000000000E+00,0.00000000000000E+00,,,,,,0,,,false,0.000000,false
4500005854,10,1,,,,1.000,0.0,0.00,51600000,,17101201,,,0,0,,,,,,,A000,,,,,,0,YB700,,,0,,0,,,,,,0,,,,YB20,,0,0,,,0.00,,0,,,,,0,,,,0.000,0.00000000000000E+00,0.00000000000000E+00,,,,,,0,,,false,0.000000,false
4500005855,10,1,,,,1.000,0.0,0.00,51600000,,17101201,,,0,0,,,,,,,A000,,,,,,0,YB700,,,0,,0,,,,,,0,,,,YB20,,0,0,,,0.00,,0,,,,,0,,,,0.000,0.00000000000000E+00,0.00000000000000E+00,,,,,,0,,,false,0.000000,false
4500005855,20,1,,,,1.000,0.0,0.00,51600000,,17101201,,,0,0,,,,,,,A000,,,,,,0,YB700,,,0,,0,,,,,,0,,,,YB20,,0,0,,,0.00,,0,,,,,0,,,,0.000,0.00000000000000E+00,0.00000000000000E+00,,,,,,0,,,false,0.000000,false
4500005863,10,1,,,,1.000,0.0,0.00,51600000,,17101201,,,0,0,,,,,,,A000,,,,,,0,YB700,,,0,,0,,,,,,0,,,,YB20,,0,0,,,0.00,,0,,,,,0,,,,0.000,0.00000000000000E+00,0.00000000000000E+00,,,,,,0,,,false,0.000000,false
4500005864,10,1,,,,1.000,0.0,0.00,51600000,,17101201,,,0,0,,,,,,,A000,,,,,,0,YB700,,,0,,0,,,,,,0,,,,YB20,,0,0,,,0.00,,0,,,,,0,,,,0.000,0.00000000000000E+00,0.00000000000000E+00,,,,,,0,,,false,0.000000,false
4500005866,10,1,,,,1.000,0.0,0.00,51600000,,17101201,,,0,0,,,,,,,A000,,,,,,0,YB700,,,0,,0,,,,,,0,,,,YB20,,0,0,,,0.00,,0,,,,,0,,,,0.000,0.00000000000000E+00,0.00000000000000E+00,,,,,,0,,,false,0.000000,false
4500005866,20,1,,,,1.000,0.0,0.00,51600000,,17101201,,,0,0,,,,,,,A000,,,,,,0,YB700,,,0,,0,,,,,,0,,,,YB20,,0,0,,,0.00,,0,,,,,0,,,,0.000,0.00000000000000E+00,0.00000000000000E+00,,,,,,0,,,false,0.000000,false
4500005866,30,1,,,,1.000,0.0,0.00,51600000,,17101201,,,0,0,,,,,,,A000,,,,,,0,YB700,,,0,,0,,,,,,0,,,,YB20,,0,0,,,0.00,,0,,,,,0,,,,0.000,0.00000000000000E+00,0.00000000000000E+00,,,,,,0,,,false,0.000000,false
4500005867,10,1,,,,1.000,0.0,0.00,51600000,,17101201,,,0,0,,,,,,,A000,,,,,,0,YB700,,,0,,0,,,,,,0,,,,YB20,,0,0,,,0.00,,0,,,,,0,,,,0.000,0.00000000000000E+00,0.00000000000000E+00,,,,,,0,,,false,0.000000,false
4500005868,10,1,,3/22/2024,,1.000,0.0,550.00,51600000,,17101201,,,0,0,,,,,,,A000,,,,,,0,YB700,,,0,,0,,,,,,0,,,,YB20,,0,0,,,0.00,,0,,,,,0,,,,0.000,0.00000000000000E+00,0.00000000000000E+00,,,,,,0,,,false,0.000000,false
4500005869,10,1,,,,150.000,0.0,0.00,51700000,,,,,0,0,,,,500001,,,A000,,,,,,0,99999,,,0,,0,,,,,,0,,,,YB20,,41,3,,,0.00,,0,,,,,0,,,,0.000,0.00000000000000E+00,0.00000000000000E+00,,,,,,0,,,false,0.000000,false
4500005874,10,1,,3/26/2024,,1.000,0.0,550.00,51600000,,17101201,,,0,0,,,,,,,A000,,,,,,0,YB700,,,0,,0,,,,,,0,,,,YB20,,0,0,,,0.00,,0,,,,,0,,,,0.000,0.00000000000000E+00,0.00000000000000E+00,,,,,,0,,,false,0.000000,false
4500005898,10,1,,,,14.000,0.0,0.00,12200400,,17101101,,,0,0,,,,,,,A000,,,,,,0,YB600,,,0,,0,,,,,,0,,,,,,0,0,,,0.00,,0,,,,,0,,,,0.000,0.00000000000000E+00,0.00000000000000E+00,,,,,,0,,,false,0.000000,false
4500005903,10,1,,,,14.000,0.0,0.00,12200400,,17101101,,,0,0,,,,,,,A000,,,,,,0,YB600,,,0,,0,,,,,,0,,,,,,0,0,,,0.00,,0,,,,,0,,,,0.000,0.00000000000000E+00,0.00000000000000E+00,,,,,,0,,,false,0.000000,false
4500005917,10,1,,5/9/2024,,1.000,0.0,30.00,12200400,,17101101,,,0,0,,,,,,,A000,,,,,,0,YB600,,,0,,0,,,,,,0,,,,,,0,0,,,0.00,,0,,,,,0,,,,0.000,0.00000000000000E+00,0.00000000000000E+00,,,,,,0,,,false,0.000000,false
4500005918,10,1,,5/9/2024,,1.000,0.0,30.00,12200400,,17101101,,,0,0,,,,,,,A000,,,,,,0,YB600,,,0,,0,,,,,,0,,,,,,0,0,,,0.00,,0,,,,,0,,,,0.000,0.00000000000000E+00,0.00000000000000E+00,,,,,,0,,,false,0.000000,false
4500005919,10,1,,5/9/2024,,1.000,0.0,30.00,12200400,,17101101,,,0,0,,,,,,,A000,,,,,,0,YB600,,,0,,0,,,,,,0,,,,,,0,0,,,0.00,,0,,,,,0,,,,0.000,0.00000000000000E+00,0.00000000000000E+00,,,,,,0,,,false,0.000000,false
4500005920,10,1,,5/9/2024,,1.000,0.0,30.00,12200400,,17101101,,,0,0,,,,,,,A000,,,,,,0,YB600,,,0,,0,,,,,,0,,,,,,0,0,,,0.00,,0,,,,,0,,,,0.000,0.00000000000000E+00,0.00000000000000E+00,,,,,,0,,,false,0.000000,false
4500005921,10,1,,5/9/2024,,1.000,0.0,30.00,12200400,,17101101,,,0,0,,,,,,,A000,,,,,,0,YB600,,,0,,0,,,,,,0,,,,,,0,0,,,0.00,,0,,,,,0,,,,0.000,0.00000000000000E+00,0.00000000000000E+00,,,,,,0,,,false,0.000000,false
4500005928,10,1,,5/16/2024,,1.000,0.0,30.00,12200400,,17101101,,,0,0,,,,,,,A000,,,,,,0,YB600,,,0,,0,,,,,,0,,,,,,0,0,,,0.00,,0,,,,,0,,,,0.000,0.00000000000000E+00,0.00000000000000E+00,,,,,,0,,,false,0.000000,false
4500005933,10,1,,,,150.000,0.0,0.00,51100000,,,,,0,0,,,,500001,,,A000,,,,,,0,99999,,,0,,0,,,,,,0,,,,YB99,,41,3,,,0.00,,0,,,,,0,,,,0.000,0.00000000000000E+00,0.00000000000000E+00,,,,,,0,,,false,0.000000,false
4500005933,20,1,,,,150.000,0.0,0.00,51100000,,,,,0,0,,,,500001,,,A000,,,,,,0,99999,,,0,,0,,,,,,0,,,,YB99,,41,3,,,0.00,,0,,,,,0,,,,0.000,0.00000000000000E+00,0.00000000000000E+00,,,,,,0,,,false,0.000000,false
4500005934,10,1,,,,1.000,0.0,0.00,51600000,,17101201,,,0,0,,,,,,,A000,,,,,,0,YB700,,,0,,0,,,,,,0,,,,YB20,,0,0,,,0.00,,0,,,,,0,,,,0.000,0.00000000000000E+00,0.00000000000000E+00,,,,,,0,,,false,0.000000,false
4500005936,10,1,,,,1.000,0.0,0.00,51600000,,17101201,,,0,0,,,,,,,A000,,,,,,0,YB700,,,0,,0,,,,,,0,,,,YB20,,0,0,,,0.00,,0,,,,,0,,,,0.000,0.00000000000000E+00,0.00000000000000E+00,,,,,,0,,,false,0.000000,false
4500005937,10,1,,,,1.000,0.0,0.00,51600000,,17101201,,,0,0,,,,,,,A000,,,,,,0,YB700,,,0,,0,,,,,,0,,,,YB20,,0,0,,,0.00,,0,,,,,0,,,,0.000,0.00000000000000E+00,0.00000000000000E+00,,,,,,0,,,false,0.000000,false
4500005938,10,1,,,,1.000,0.0,0.00,51600000,,17101201,,,0,0,,,,,,,A000,,,,,,0,YB700,,,0,,0,,,,,,0,,,,YB20,,0,0,,,0.00,,0,,,,,0,,,,0.000,0.00000000000000E+00,0.00000000000000E+00,,,,,,0,,,false,0.000000,false
4500005938,20,1,,,,1.000,0.0,0.00,51600000,,17101201,,,0,0,,,,,,,A000,,,,,,0,YB700,,,0,,0,,,,,,0,,,,YB20,,0,0,,,0.00,,0,,,,,0,,,,0.000,0.00000000000000E+00,0.00000000000000E+00,,,,,,0,,,false,0.000000,false
4500005939,10,1,,,,1.000,0.0,0.00,51600000,,17101201,,,0,0,,,,,,,A000,,,,,,0,YB700,,,0,,0,,,,,,0,,,,YB35,,0,0,,,0.00,,0,,,,,0,,,,0.000,0.00000000000000E+00,0.00000000000000E+00,,,,,,0,,,false,0.000000,false
4500005940,10,1,,,,1.000,0.0,0.00,51600000,,17101201,,,0,0,,,,,,,A000,,,,,,0,YB700,,,0,,0,,,,,,0,,,,YB20,,0,0,,,0.00,,0,,,,,0,,,,0.000,0.00000000000000E+00,0.00000000000000E+00,,,,,,0,,,false,0.000000,false
4500005940,20,1,,,,1.000,0.0,0.00,51600000,,17101201,,,0,0,,,,,,,A000,,,,,,0,YB700,,,0,,0,,,,,,0,,,,YB20,,0,0,,,0.00,,0,,,,,0,,,,0.000,0.00000000000000E+00,0.00000000000000E+00,,,,,,0,,,false,0.000000,false
4500005943,10,1,,,,1.000,0.0,0.00,51600000,,17101201,,,0,0,,,,,,,A000,,,,,,0,YB700,,,0,,0,,,,,,0,,,,YB35,,0,0,,,0.00,,0,,,,,0,,,,0.000,0.00000000000000E+00,0.00000000000000E+00,,,,,,0,,,false,0.000000,false
4500005944,10,1,,,,1.000,0.0,0.00,51600000,,17101201,,,0,0,,,,,,,A000,,,,,,0,YB700,,,0,,0,,,,,,0,,,,YB20,,0,0,,,0.00,,0,,,,,0,,,,0.000,0.00000000000000E+00,0.00000000000000E+00,,,,,,0,,,false,0.000000,false
4500005945,10,1,,,,1.000,0.0,0.00,51600000,,17101201,,,0,0,,,,,,,A000,,,,,,0,YB700,,,0,,0,,,,,,0,,,,YB20,,0,0,,,0.00,,0,,,,,0,,,,0.000,0.00000000000000E+00,0.00000000000000E+00,,,,,,0,,,false,0.000000,false
4500005946,10,1,,,,1.000,0.0,0.00,51600000,,17101201,,,0,0,,,,,,,A000,,,,,,0,YB700,,,0,,0,,,,,,0,,,,YB20,,0,0,,,0.00,,0,,,,,0,,,,0.000,0.00000000000000E+00,0.00000000000000E+00,,,,,,0,,,false,0.000000,false
4500005949,10,1,,6/14/2024,,1.000,0.0,30.00,12200400,,17101101,,,0,0,,,,,,,A000,,,,,,0,YB600,,,0,,0,,,,,,0,,,,,,0,0,,,0.00,,0,,,,,0,,,,0.000,0.00000000000000E+00,0.00000000000000E+00,,,,,,0,,,false,0.000000,false
4500005952,10,1,,6/17/2024,,1.000,0.0,30.00,12200400,,17101101,,,0,0,,,,,,,A000,,,,,,0,YB600,,,0,,0,,,,,,0,,,,,,0,0,,,0.00,,0,,,,,0,,,,0.000,0.00000000000000E+00,0.00000000000000E+00,,,,,,0,,,false,0.000000,false
4500005957,10,1,,,,1.000,0.0,0.00,51600000,,17101201,,,0,0,,,,,,,A000,,,,,,0,YB700,,,0,,0,,,,,,0,,,,YB20,,0,0,,,0.00,,0,,,,,0,,,,0.000,0.00000000000000E+00,0.00000000000000E+00,,,,,,0,,,false,0.000000,false
4500005960,10,1,,,,1.000,0.0,0.00,51600000,,17101201,,,0,0,,,,,,,A000,,,,,,0,YB700,,,0,,0,,,,,,0,,,,YB20,,0,0,,,0.00,,0,,,,,0,,,,0.000,0.00000000000000E+00,0.00000000000000E+00,,,,,,0,,,false,0.000000,false
4500005963,10,1,,,,1.000,0.0,0.00,51600000,,17101201,,,0,0,,,,,,,A000,,,,,,0,YB700,,,0,,0,,,,,,0,,,,YB20,,0,0,,,0.00,,0,,,,,0,,,,0.000,0.00000000000000E+00,0.00000000000000E+00,,,,,,0,,,false,0.000000,false
4500005964,10,1,,,,1.000,0.0,0.00,51600000,,17101201,,,0,0,,,,,,,A000,,,,,,0,YB700,,,0,,0,,,,,,0,,,,YB20,,0,0,,,0.00,,0,,,,,0,,,,0.000,0.00000000000000E+00,0.00000000000000E+00,,,,,,0,,,false,0.000000,false
4500005974,10,1,,,,1.000,0.0,0.00,51600000,,17101201,,,0,0,,,,,,,A000,,,,,,0,YB700,,,0,,0,,,,,,0,,,,YB20,,0,0,,,0.00,,0,,,,,0,,,,0.000,0.00000000000000E+00,0.00000000000000E+00,,,,,,0,,,false,0.000000,false
4500005976,10,1,,,,1.000,0.0,0.00,51600000,,17101201,,,0,0,,,,,,,A000,,,,,,0,YB700,,,0,,0,,,,,,0,,,,YB20,,0,0,,,0.00,,0,,,,,0,,,,0.000,0.00000000000000E+00,0.00000000000000E+00,,,,,,0,,,false,0.000000,false
4500005987,10,1,,,,1.000,0.0,0.00,51600000,,17101201,,,0,0,,,,,,,A000,,,,,,0,YB700,,,0,,0,,,,,,0,,,,YB20,,0,0,,,0.00,,0,,,,,0,,,,0.000,0.00000000000000E+00,0.00000000000000E+00,,,,,,0,,,false,0.000000,false
4500005992,10,1,,,,14.000,0.0,0.00,12200400,,17101101,,,0,0,,,,,,,A000,,,,,,0,YB600,,,0,,0,,,,,,0,,,,,,0,0,,,0.00,,0,,,,,0,,,,0.000,0.00000000000000E+00,0.00000000000000E+00,,,,,,0,,,false,0.000000,false
4500005993,10,1,,,,14.000,0.0,0.00,12200400,,17101101,,,0,0,,,,,,,A000,,,,,,0,YB600,,,0,,0,,,,,,0,,,,,,0,0,,,0.00,,0,,,,,0,,,,0.000,0.00000000000000E+00,0.00000000000000E+00,,,,,,0,,,false,0.000000,false
4500005994,10,1,,,,14.000,0.0,0.00,12200400,,17101101,,,0,0,,,,,,,A000,,,,,,0,YB600,,,0,,0,,,,,,0,,,,,,0,0,,,0.00,,0,,,,,0,,,,0.000,0.00000000000000E+00,0.00000000000000E+00,,,,,,0,,,false,0.000000,false
4500005995,10,1,,,,14.000,0.0,0.00,12200400,,17101101,,,0,0,,,,,,,A000,,,,,,0,YB600,,,0,,0,,,,,,0,,,,,,0,0,,,0.00,,0,,,,,0,,,,0.000,0.00000000000000E+00,0.00000000000000E+00,,,,,,0,,,false,0.000000,false
4500005996,10,1,,,,100.000,0.0,0.00,12200400,,17101101,,,0,0,,,,,,,A000,,,,,,0,YB600,,,0,,0,,,,,,0,,,,,,0,0,,,0.00,,0,,,,,0,,,,0.000,0.00000000000000E+00,0.00000000000000E+00,,,,,,0,,,false,0.000000,false
4500005997,10,1,,,,14.000,0.0,0.00,12200400,,17101101,,,0,0,,,,,,,A000,,,,,,0,YB600,,,0,,0,,,,,,0,,,,,,0,0,,,0.00,,0,,,,,0,,,,0.000,0.00000000000000E+00,0.00000000000000E+00,,,,,,0,,,false,0.000000,false
4500005998,10,1,,,,14.000,0.0,0.00,12200400,,17101101,,,0,0,,,,,,,A000,,,,,,0,YB600,,,0,,0,,,,,,0,,,,,,0,0,,,0.00,,0,,,,,0,,,,0.000,0.00000000000000E+00,0.00000000000000E+00,,,,,,0,,,false,0.000000,false
4500005999,10,1,,,,14.000,0.0,0.00,12200400,,17101101,,,0,0,,,,,,,A000,,,,,,0,YB600,,,0,,0,,,,,,0,,,,,,0,0,,,0.00,,0,,,,,0,,,,0.000,0.00000000000000E+00,0.00000000000000E+00,,,,,,0,,,false,0.000000,false
4500006000,10,1,,7/3/2024,,1.000,0.0,30.00,12200400,,17101101,,,0,0,,,,,,,A000,,,,,,0,YB600,,,0,,0,,,,,,0,,,,,,0,0,,,0.00,,0,,,,,0,,,,0.000,0.00000000000000E+00,0.00000000000000E+00,,,,,,0,,,false,0.000000,false
4500006001,10,1,,,,14.000,0.0,0.00,12200400,,17101101,,,0,0,,,,,,,A000,,,,,,0,YB600,,,0,,0,,,,,,0,,,,,,0,0,,,0.00,,0,,,,,0,,,,0.000,0.00000000000000E+00,0.00000000000000E+00,,,,,,0,,,false,0.000000,false
4500006002,10,1,,,,14.000,0.0,0.00,12200400,,17101101,,,0,0,,,,,,,A000,,,,,,0,YB600,,,0,,0,,,,,,0,,,,,,0,0,,,0.00,,0,,,,,0,,,,0.000,0.00000000000000E+00,0.00000000000000E+00,,,,,,0,,,false,0.000000,false
4500006003,10,1,,7/17/2024,,1.000,0.0,30.00,12200400,,17101101,,,0,0,,,,,,,A000,,,,,,0,YB600,,,0,,0,,,,,,0,,,,,,0,0,,,0.00,,0,,,,,0,,,,0.000,0.00000000000000E+00,0.00000000000000E+00,,,,,,0,,,false,0.000000,false
4500006005,10,1,,7/22/2024,,1.000,0.0,30.00,12200400,,17101101,,,0,0,,,,,,,A000,,,,,,0,YB600,,,0,,0,,,,,,0,,,,,,0,0,,,0.00,,0,,,,,0,,,,0.000,0.00000000000000E+00,0.00000000000000E+00,,,,,,0,,,false,0.000000,false
4500006006,10,1,,7/22/2024,,1.000,0.0,30.00,12200400,,17101101,,,0,0,,,,,,,A000,,,,,,0,YB600,,,0,,0,,,,,,0,,,,,,0,0,,,0.00,,0,,,,,0,,,,0.000,0.00000000000000E+00,0.00000000000000E+00,,,,,,0,,,false,0.000000,false
4500006014,10,1,,9/6/2024,,1.000,0.0,"1,000.00",51600000,,17101201,,,0,0,,,,,,,A000,,,,,,0,YB700,,,0,,0,,,,,,0,,,,YB20,,0,0,,,0.00,,0,,,,,0,,,,0.000,0.00000000000000E+00,0.00000000000000E+00,,,,,,0,,,false,0.000000,false
4500006015,10,1,,,,14.000,0.0,0.00,12200400,,17101101,,,0,0,,,,,,,A000,,,,,,0,YB600,,,0,,0,,,,,,0,,,,,,0,0,,,0.00,,0,,,,,0,,,,0.000,0.00000000000000E+00,0.00000000000000E+00,,,,,,0,,,false,0.000000,false
4500006016,10,1,,,,10.000,0.0,0.00,51600000,,17101750,,,0,0,,,,,,,A000,,,,,,0,YB900,,,0,,0,,,,,,0,,,,YB40,,0,0,,,0.00,,0,,,,,0,,,,0.000,0.00000000000000E+00,0.00000000000000E+00,,,,,,0,,,false,0.000000,false
4500006017,10,1,,,,14.000,0.0,0.00,12200400,,17101101,,,0,0,,,,,,,A000,,,,,,0,YB600,,,0,,0,,,,,,0,,,,,,0,0,,,0.00,,0,,,,,0,,,,0.000,0.00000000000000E+00,0.00000000000000E+00,,,,,,0,,,false,0.000000,false
4500006022,10,1,,,,14.000,0.0,0.00,12200400,,17101101,,,0,0,,,,,,,A000,,,,,,0,YB600,,,0,,0,,,,,,0,,,,,,0,0,,,0.00,,0,,,,,0,,,,0.000,0.00000000000000E+00,0.00000000000000E+00,,,,,,0,,,false,0.000000,false
4500006022,20,1,,,,14.000,0.0,0.00,12200400,,17101101,,,0,0,,,,,,,A000,,,,,,0,YB600,,,0,,0,,,,,,0,,,,,,0,0,,,0.00,,0,,,,,0,,,,0.000,0.00000000000000E+00,0.00000000000000E+00,,,,,,0,,,false,0.000000,false
4500006023,10,1,,,,150.000,0.0,0.00,51100000,,,,,0,0,,,,500001,,,A000,,,,,,0,99999,,,0,,0,,,,,,0,,,,YB99,,41,3,,,0.00,,0,,,,,0,,,,0.000,0.00000000000000E+00,0.00000000000000E+00,,,,,,0,,,false,0.000000,false
4500006023,20,1,,,,150.000,0.0,0.00,51100000,,,,,0,0,,,,500001,,,A000,,,,,,0,99999,,,0,,0,,,,,,0,,,,YB99,,41,3,,,0.00,,0,,,,,0,,,,0.000,0.00000000000000E+00,0.00000000000000E+00,,,,,,0,,,false,0.000000,false
4500006024,10,1,,,,150.000,0.0,0.00,51100000,,,,,0,0,,,,500001,,,A000,,,,,,0,99999,,,0,,0,,,,,,0,,,,YB99,,41,3,,,0.00,,0,,,,,0,,,,0.000,0.00000000000000E+00,0.00000000000000E+00,,,,,,0,,,false,0.000000,false
4500006024,20,1,,,,150.000,0.0,0.00,51100000,,,,,0,0,,,,500001,,,A000,,,,,,0,99999,,,0,,0,,,,,,0,,,,YB99,,41,3,,,0.00,,0,,,,,0,,,,0.000,0.00000000000000E+00,0.00000000000000E+00,,,,,,0,,,false,0.000000,false
4500006025,10,1,,,,14.000,0.0,0.00,12200400,,17101101,,,0,0,,,,,,,A000,,,,,,0,YB600,,,0,,0,,,,,,0,,,,,,0,0,,,0.00,,0,,,,,0,,,,0.000,0.00000000000000E+00,0.00000000000000E+00,,,,,,0,,,false,0.000000,false
4500006026,10,1,,,,150.000,0.0,0.00,51100000,,,,,0,0,,,,500001,,,A000,,,,,,0,99999,,,0,,0,,,,,,0,,,,YB99,,41,3,,,0.00,,0,,,,,0,,,,0.000,0.00000000000000E+00,0.00000000000000E+00,,,,,,0,,,false,0.000000,false
4500006026,20,1,,,,150.000,0.0,0.00,51100000,,,,,0,0,,,,500001,,,A000,,,,,,0,99999,,,0,,0,,,,,,0,,,,YB99,,41,3,,,0.00,,0,,,,,0,,,,0.000,0.00000000000000E+00,0.00000000000000E+00,,,,,,0,,,false,0.000000,false
4500006050,10,1,,,,10.000,0.0,0.00,16014000,,,,,0,0,,600004,0,,,,A000,,,,,,0,YB110,,,0,,0,,,,,,0,,,,,,0,0,,,0.00,,0,,,,,0,,,,0.000,0.00000000000000E+00,0.00000000000000E+00,,,,,,0,,,false,0.000000,false
4500006051,10,1,,,,10.000,0.0,0.00,16014000,,,,,0,0,,600004,0,,,,A000,,,,,,0,YB110,,,0,,0,,,,,,0,,,,,,0,0,,,0.00,,0,,,,,0,,,,0.000,0.00000000000000E+00,0.00000000000000E+00,,,,,,0,,,false,0.000000,false
4600000005,10,1,,,,"50,000.000",0.0,0.00,51600000,,17101101,,,0,0,,,,,,,A000,,,,,,0,YB600,,,0,,0,,,,,,0,,,,YB40,,0,0,,,0.00,,0,,,,,0,,,,0.000,0.00000000000000E+00,0.00000000000000E+00,,,,,,0,,,false,0.000000,false
4600000006,10,1,,,,500.000,0.0,0.00,51600000,,17101101,,,0,0,,,,,,,A000,,,,,,0,YB600,,,0,,0,,,,,,0,,,,YB40,,0,0,,,0.00,,0,,,,,0,,,,0.000,0.00000000000000E+00,0.00000000000000E+00,,,,,,0,,,false,0.000000,false
4600000006,20,1,,,,100.000,0.0,0.00,51600000,,17101101,,,0,0,,,,,,,A000,,,,,,0,YB600,,,0,,0,,,,,,0,,,,YB40,,0,0,,,0.00,,0,,,,,0,,,,0.000,0.00000000000000E+00,0.00000000000000E+00,,,,,,0,,,false,0.000000,false
4600000009,10,1,,,,"5,000.000",0.0,0.00,51600000,,17101101,,,0,0,,,,,,,A000,,,,,,0,YB600,,,0,,0,,,,,,0,,,,YB40,,0,0,,,0.00,,0,,,,,0,,,,0.000,0.00000000000000E+00,0.00000000000000E+00,,,,,,0,,,false,0.000000,false
